first_name,last_name,address,payment,date,account_number,service
Lelia Cook,Leona Haynes,1216 Esugu Ridge,payment,09/08/1959,account/number,service
Ada Flores,Jeffrey Lloyd,751 Humgu Drive,payment,10/05/1928,account/number,service
Frances Burns,Bess Gutierrez,1265 Fecniz Junction,payment,05/08/1930,account/number,service
Lily Rogers,Bernice Jordan,1848 Ipru Highway,payment,05/16/1927,account/number,service
Manuel Gibson,Shane Schneider,347 Pora Way,payment,12/13/2068,account/number,service
Lula Holt,Willie Underwood,1510 Ujle Path,payment,10/04/1972,account/number,service
Rosa Tran,Donald Colon,1756 Vuvupu Place,payment,08/07/2022,account/number,service
Andre Lewis,Chester French,967 Goih Place,payment,07/17/1904,account/number,service
Lawrence Russell,Celia Aguilar,331 Ehze Extension,payment,01/29/1917,account/number,service
Sophie Logan,Teresa Norton,862 Zufzo Manor,payment,10/31/2030,account/number,service
Abbie Nichols,Sophie Reynolds,1859 Cijfuz Drive,payment,12/01/2046,account/number,service
Clara Higgins,Henrietta Lawson,1130 Jasuv Path,payment,03/03/1959,account/number,service
Joe Castro,Ronnie Willis,1481 Cagdem Glen,payment,07/16/1903,account/number,service
Fannie Casey,Lois Harris,65 Jobgi Mill,payment,06/24/1998,account/number,service
Sean Blair,Trevor Welch,758 Vota Parkway,payment,09/30/1912,account/number,service
Zachary Soto,Birdie Simon,413 Fawru Grove,payment,06/04/2040,account/number,service
Dora Bradley,Helen Holt,1448 Ijbew Junction,payment,03/16/1936,account/number,service
Jane Hayes,Nellie May,165 Efmi Pike,payment,09/29/1958,account/number,service
Joseph Harris,Keith Gregory,1054 Buhsu Street,payment,11/30/1972,account/number,service
Todd Pittman,Gordon McBride,250 Numfi Pass,payment,12/08/1955,account/number,service
Jack Warren,Nina Jackson,1249 Ezfis Place,payment,06/24/2062,account/number,service
Iva Bennett,Jayden Gross,537 Piabe Drive,payment,06/08/1940,account/number,service
Belle Payne,Linnie Hanson,980 Fopen Point,payment,06/01/2049,account/number,service
Roger Barber,Roger Cannon,443 Tite Parkway,payment,01/12/1924,account/number,service
Chris Jackson,Frank Lucas,1690 Ijned Junction,payment,10/23/2010,account/number,service
Jared Duncan,Leonard Harrison,1948 Teuv Pike,payment,02/17/1933,account/number,service
Josie Copeland,Lester Evans,113 Ojeh Junction,payment,03/03/2060,account/number,service
Jacob Foster,Adrian Nguyen,528 Fura Terrace,payment,06/13/1905,account/number,service
Derek Dawson,Alan Day,1238 Cidel Center,payment,06/25/2039,account/number,service
Leona Warner,Larry Warren,1063 Fubgem Turnpike,payment,10/06/2047,account/number,service
Lelia Abbott,John Foster,808 Mumta Plaza,payment,11/29/1903,account/number,service
Wesley Tyler,Lucile Cummings,1218 Pahbo Path,payment,08/27/2056,account/number,service
Gussie Wolfe,Cory Singleton,1677 Meka View,payment,08/15/2001,account/number,service
Ernest McDaniel,Jason Rodriquez,401 Biowu Highway,payment,03/29/1976,account/number,service
Rosetta Mitchell,Chase Fowler,1404 Jabna Pass,payment,01/02/2059,account/number,service
Stephen Wallace,Theresa Burns,1293 Romi Glen,payment,02/13/1992,account/number,service
Georgie Porter,Angel Doyle,1633 Omrib Circle,payment,08/12/1986,account/number,service
Sophia Lawson,Edward Bradley,1791 Kaab Avenue,payment,11/14/1916,account/number,service
Emilie Holloway,Jay Pittman,1881 Okuiva Lane,payment,07/16/2001,account/number,service
Fred Hoffman,Nannie Collier,1422 Kevaw Circle,payment,03/25/2008,account/number,service
Devin Allison,Nelle Mason,1400 Iwiop Pass,payment,10/20/1973,account/number,service
Dustin Miles,Bruce Coleman,1724 Paace Heights,payment,02/01/1981,account/number,service
Jean Steele,Sophia Douglas,1549 Ketve Parkway,payment,06/14/1953,account/number,service
Mina Snyder,Milton Franklin,628 Gitbel Key,payment,02/17/1967,account/number,service
Louise Jefferson,Nathan Cruz,1708 Jehab Park,payment,08/26/2012,account/number,service
Elmer Ellis,Harry Williams,125 Kawap View,payment,09/30/1942,account/number,service
Maria Willis,Lee Hunt,1408 Cozis Road,payment,05/23/1941,account/number,service
Scott Schultz,Delia Hayes,468 Acenoj Lane,payment,08/03/1981,account/number,service
Claudia Wallace,Susie Rios,1079 Agide Turnpike,payment,12/07/1956,account/number,service
Josie Shelton,Abbie Miles,437 Ojbij Manor,payment,01/26/2002,account/number,service
Minerva Fuller,Amy Floyd,361 Jazji Heights,payment,11/13/1981,account/number,service
Caroline Simon,Lula Lane,139 Eclu Point,payment,11/12/1904,account/number,service
Belle Robinson,Leah Patterson,585 Somu Key,payment,07/09/2063,account/number,service
Loretta Payne,Rena Malone,1649 Zohelo Heights,payment,07/27/1921,account/number,service
Josie Stevenson,Edwin Doyle,1542 Zota Mill,payment,10/25/2006,account/number,service
Marvin Norton,Isaac Mack,159 Ahene Trail,payment,03/20/2051,account/number,service
Mason Potter,Cole Townsend,169 Lozja Heights,payment,08/05/2048,account/number,service
Adele Jimenez,Ellen Carter,1260 Naresa View,payment,02/21/1956,account/number,service
Walter Curry,Mae Diaz,959 Tiafa Mill,payment,01/26/1907,account/number,service
Christopher Collier,Gene Schmidt,1817 Erdok Terrace,payment,09/26/1982,account/number,service
Mabelle Briggs,Millie Meyer,1655 Sevbot Avenue,payment,09/17/2058,account/number,service
Nathaniel Valdez,Raymond Nguyen,482 Rukkug Grove,payment,08/24/2012,account/number,service
Violet McGee,Alberta Pierce,1736 Gumtuw Plaza,payment,10/21/1961,account/number,service
Chad Manning,Timothy Bass,1600 Pecuf Park,payment,09/13/2021,account/number,service
Dominic Jordan,Lucas Carpenter,1609 Sogwi Terrace,payment,06/16/2048,account/number,service
Max Nelson,Emily Knight,1382 Sago Parkway,payment,06/11/2053,account/number,service
Grace Cruz,Florence Johnston,1403 Emere Circle,payment,09/06/1948,account/number,service
Adelaide Daniel,Jeff Salazar,1162 Odav Junction,payment,04/17/1929,account/number,service
Warren Stone,Milton Frazier,1342 Irto Park,payment,07/31/1972,account/number,service
Travis Thomas,Alfred Williams,8 Kamje Plaza,payment,11/27/1940,account/number,service
Randall Wheeler,Seth Vega,954 Folje Park,payment,03/01/1924,account/number,service
Cameron Ball,Scott Neal,1339 Gibje Path,payment,03/06/2039,account/number,service
Nathaniel Smith,Ryan Porter,224 Keol Glen,payment,08/06/2018,account/number,service
Agnes Robbins,Minerva Warren,387 Idezo Place,payment,10/27/2055,account/number,service
Isaiah Malone,Gertrude Medina,1920 Bicer Turnpike,payment,06/26/1934,account/number,service
Curtis Rogers,Trevor Colon,847 Fupta Boulevard,payment,11/02/1931,account/number,service
Isaac Sanders,Iva Hernandez,1005 Rijo Pike,payment,11/13/1990,account/number,service
Emma Wallace,Nettie Hill,1044 Bifa Highway,payment,04/30/2005,account/number,service
Ronald Soto,Martin Chandler,853 Bifa Street,payment,04/02/2020,account/number,service
Mollie Wilson,Derek Summers,515 Edifo View,payment,03/21/2063,account/number,service
Amanda Stone,Bernard Knight,518 Rozo Park,payment,03/28/1919,account/number,service
Caroline Bryan,Fred Holloway,366 Zufdov Lane,payment,10/30/1931,account/number,service
Bessie Phelps,Dustin Wilson,766 Fokvo Road,payment,02/15/1903,account/number,service
George Patton,Olive Copeland,1924 Betag Extension,payment,05/05/2027,account/number,service
Lester Parker,Dennis Johnson,78 Fanwed Way,payment,12/09/2021,account/number,service
Clara Carroll,Jeremiah Reeves,987 Wicib Parkway,payment,05/17/2031,account/number,service
Antonio Fitzgerald,Ian Burns,1561 Teew Plaza,payment,09/27/2035,account/number,service
Michael Gutierrez,Mildred Mitchell,168 Vohe Center,payment,12/05/2043,account/number,service
Lina Warren,Calvin Marsh,851 Fedu Ridge,payment,02/28/1983,account/number,service
Christina Dean,Marguerite Atkins,297 Apobij Place,payment,08/23/1941,account/number,service
Tyler Chavez,Emily Williamson,723 Kirdo Path,payment,03/30/1978,account/number,service
Devin Hudson,Madge Ingram,842 Osfij Key,payment,09/12/2063,account/number,service
Mina Kennedy,Helena Padilla,1222 Jere Point,payment,09/11/2014,account/number,service
Adeline Elliott,Franklin Roberts,606 Jeca Drive,payment,06/17/2049,account/number,service
Clayton Holmes,Wayne Stevens,1171 Ridud Loop,payment,01/20/1913,account/number,service
Charlie Dean,Amelia Russell,693 Sagis Glen,payment,10/21/1971,account/number,service
Rosie Sherman,Raymond Hammond,1923 Otca Pike,payment,01/20/2004,account/number,service
Jennie Gonzalez,Gussie Hampton,445 Mehun Point,payment,12/21/1975,account/number,service
Stephen Jensen,Kyle Goodwin,443 Jitdat Drive,payment,04/09/2000,account/number,service
Cordelia Bryant,Barry Parks,1326 Pojhod River,payment,01/11/2000,account/number,service
